INSERT INTO BatEstoque (CodItem, Descricao, Status, CodComodo)
VALUES
('ITM01', 'Veneno do Coringa', 'Ausente', 'C001'),
('ITM02', 'Anel de Poder Amarelo', 'Ausente', 'C002'),
('ITM03', 'Elmo do Destino', 'Presente', 'C001'),
('ITM04', 'Arma de Encolhimento do Brainiac', 'Presente', 'C003'),
('ITM05', 'Batrepelente de Tubarão', 'Presente', 'C003'),
('ITM06', 'Fórmula do Pinguim', 'Presente', 'C002'),
('ITM07', 'Chapéu do Chapeleiro Maluco', 'Presente', 'C001'),
('ITM08', 'Pé de Cabra do Coringa', 'Presente', 'C001'),
('ITM09', 'Cápsulas de Veneno da Hera Venenosa', 'Ausente', 'C002'),
('ITM10', 'Máscara de Ras al Ghul', 'Presente', 'C003'),
('ITM11', 'Garras Flamejantes do Pinguim', 'Presente', 'C002'),
('ITM12', 'Cristal de Kriptonita', 'Ausente', 'C003'),
('ITM13', 'Máscara do Bane', 'Ausente', 'C001'),
('ITM14', 'Bomba de Riso do Coringa', 'Ausente', 'C001'),
('ITM15', 'Máscara do Espantalho', 'Presente', 'C002'),
('ITM16', 'Cajado de Eclipso', 'Presente', 'C001'),
('ITM17', 'Disco de Supressão de Poder da Amanda Waller', 'Presente', 'C001'),
('ITM18', 'Caixa Mãe', 'Presente', 'C002'),
('ITM19', 'Espelho de Circe', 'Presente', 'C003'),
('ITM20', 'Moeda do Duas Caras', 'Ausente', 'C001'),
('ITM21', 'Bengala do Charada', 'Ausente', 'C003'),
('ITM22', 'Varinha de Gelo', 'Presente', 'C003'),
('ITM23', 'Guarda-Chuva do Pinguim', 'Ausente', 'C003'),
('ITM24', 'Máquina de Clonagem de Lex Luthor', 'Ausente', 'C002'),
('ITM25', 'Chicote da Mulher-Gato', 'Ausente', 'C002');




INSERT INTO Comodo_Batcaverna (CodComodo, Nome, Alarme) VALUES
('C001', 'Sala de controle', 'Não Acionado'),
('C002', 'Garagem', 'Acionado'),
('C003', 'Arsenal', 'Acionado');




INSERT INTO Alfred (CodInformacao, Informacao)
VALUES
('INF01', ' Ace, o BatCão, estava brincando na Garagem e ativou o sensor sem querer.'),
('INF02', 'O vilão invadiu apenas um cômodo.'),
('INF03', 'O vilão aterrissou seu veículo no heliporto.'),
('INF04', 'O item roubado foi guardado em uma caixa pequena.'),
('INF05', 'O chá está frio.'),
('INF06', 'Já troquei a ração da BatVaca.'),
('INF07', 'Eu acho que ele roubou o item para prejudicar algum heroi.'),
('INF08', 'Já troquei o lixo da cozinha.'),
('INF09', 'Veja qual cômodo da Batcaverna ele invadiu.');



INSERT INTO Rivalidade (CodSuperHeroi, CodSuperVilao) VALUES
('SH01', 'SV01'),
('SH01', 'SV02'),
('SH01', 'SV04'),
('SH01', 'SV05'),
('SH01', 'SV06'),
('SH01', 'SV07'),
('SH01', 'SV15'),
('SH01', 'SV17'),
('SH01', 'SV16'),
('SH01', 'SV12'),
('SH02', 'SV02'),
('SH02', 'SV03'),
('SH02', 'SV06'),
('SH02', 'SV09'),
('SH02', 'SV10'),
('SH02', 'SV11'),
('SH02', 'SV07'),
('SH03', 'SV02'),
('SH03', 'SV11'),
('SH03', 'SV14'),
('SH03', 'SV07'),
('SH04', 'SV02'),
('SH04', 'SV03'),
('SH04', 'SV06'),
('SH04', 'SV10'),
('SH05', 'SV06'),
('SH05', 'SV09'),
('SH05', 'SV10'),
('SH06', 'SV02'),
('SH06', 'SV03'),
('SH06', 'SV06'),
('SH06', 'SV09'),
('SH06', 'SV10'),
('SH06', 'SV07'),
('SH07', 'SV02'),
('SH07', 'SV03'),
('SH07', 'SV06'),
('SH07', 'SV09'),
('SH07', 'SV10'),
('SH08', 'SV02'),
('SH08', 'SV03'),
('SH08', 'SV06'),
('SH08', 'SV09'),
('SH08', 'SV10'),
('SH09', 'SV01'),
('SH09', 'SV02'),
('SH09', 'SV04'),
('SH09', 'SV05'),
('SH09', 'SV06'),
('SH09', 'SV07'),
('SH09', 'SV15'),
('SH09', 'SV17'),
('SH09', 'SV16'),
('SH09', 'SV12'),
('SH10', 'SV08'),
('SH11', 'SV13'),
('SH12', 'SV02'),
('SH12', 'SV03'),
('SH12', 'SV06'),
('SH12', 'SV09'),
('SH12', 'SV10'),
('SH13', 'SV02'),
('SH13', 'SV03'),
('SH13', 'SV06'),
('SH13', 'SV09'),
('SH13', 'SV10'),
('SH13', 'SV11'),
('SH14', 'SV06'),
('SH15', 'SV06'),
('SH16', 'SV06'),
('SH17', 'SV06');



INSERT INTO SuperHeroi (CodSuperHeroi, Nome, Fraqueza) VALUES
('SH01', 'Batman', 'ITM14'),
('SH02', 'Mulher Maravilha', 'ITM16'),
('SH03', 'Flash', 'ITM22'),
('SH04', 'Lanterna Verde', 'ITM02'),
('SH05', 'Gavião Negro', 'ITM18'),
('SH06', 'Super Homem', 'ITM12'),
('SH07', 'Shazam', 'ITM23'),
('SH08', 'Supergirl', 'ITM12'),
('SH09', 'Robin', 'ITM08'),
('SH10', 'Aquaman', 'ITM05'),
('SH11', 'SuperCão', 'ITM12'),
('SH12', 'Super boy', 'ITM12'),
('SH13', 'Moça maravilha', 'ITM16'),
('SH14', 'Zatana', 'ITM03'),
('SH15', 'Besouro Azul', 'ITM09'),
('SH16', 'Senhor destino', 'ITM18'),
('SH17', 'Marciano', 'ITM11');





INSERT INTO SuperVilao (CodSuperVilao, Nome, Status) VALUES
('SV01', 'Coringa', 'Desaparecido'),
('SV02', 'Lex Luthor', 'Desaparecido'),
('SV03', 'Brainiac', 'Desaparecido'),
('SV04', 'Penguin', 'Preso No black gate'),
('SV05', 'Hera Venenosa', 'Desaparecido'),
('SV06', 'Darkseid', 'Esta em Apokolips'),
('SV07', 'Ra''s Al Ghul', 'Desaparecido'),
('SV08', 'Arraia negra', 'Coletando lixo do mar'),
('SV09', 'General Zod', 'Preso na Zona Fantasma'),
('SV10', 'Sinestro', 'Guerra com a safira estrela'),
('SV11', 'Cheeta', 'Desaparecido'),
('SV12', 'Mulher-Gato', 'Brigando com a Talia pelo amor do Bruce'),
('SV13', 'Mecanicat', 'Preso na carrocinha'),
('SV14', 'Flash Reverso', 'Preso em outra dimensão'),
('SV15', 'Bane', 'Preso no asilo Arkham'),
('SV16', 'Arlequina', 'Presa no manicomio de gotham'),
('SV17', 'Talia al ghul', 'Brigando com a mulher gato pelo amor do Bruce');



INSERT INTO Donos_dos_Veiculos (CodVeiculo, CodDono) VALUES
('V01', 'SH01'),
('V02', 'SH01'),
('V03', 'SH01'),
('V04', 'SH02'),
('V05', 'SH03'),
('V06', 'SV01'),
('V07', 'SV02'),
('V08', 'SV04'),
('V09', 'SH10'),
('V10', 'SV05'),
('V11', 'SV03'),
('V12', 'SV13'),
('V13', 'SV06'),
('V14', 'SV15'),
('V15', 'SV07'),
('V16', 'SV16'),
('V17', 'SV05'),
('V18', 'SV09'),
('V19', 'SV07'),
('V20', 'SV07'),
('V21', 'SV17'),
('V22', 'SV10'),
('V23', 'SH11'),
('V24', 'SV10'),
('V25', 'SV11'),
('V26', 'SV02'),
('V27', 'SV04'),
('V28', 'SV16'),
('V29', 'SH07'),
('V30', 'SV01'),
('V31', 'SV15'),
('V32', 'SH14'),
('V33', 'SV13'),
('V34', 'SV16'),
('V35', 'SH10'),
('V36', 'SH07'),
('V37', 'SV05');




INSERT INTO Veiculo (CodVeiculo, Tipo, Nome) VALUES
('V01', 'Terrestre', 'Batmóvel'),
('V02', 'Aéreo', 'Batavião'),
('V03', 'Terrestre', 'Batmoto'),
('V04', 'Aéreo', 'Avião invisível'),
('V05', 'Terrestre', 'Van do flash'),
('V06', 'Terrestre', 'Coringamóvel'),
('V07', 'Terrestre', 'Rolls Royce'),
('V08', 'Aquático', 'Submarino de Pinguim'),
('V09', 'Aquático', 'Cavalo marinho'),
('V10', 'Aéreo', 'Nave mãe (Darkseid)'),
('V11', 'Aéreo', 'Drone Brainiac'),
('V12', 'Aéreo', 'Nave em formato de gato'),
('V13', 'Terrestre', 'Mini Cooper'),
('V14', 'Terrestre', 'Caminhão blindado'),
('V15', 'Aquático', 'Barco da Liga dos Assassinos'),
('V16', 'Terrestre', 'Moto da Arlequina'),
('V17', 'Aquático', 'Barco de Planta'),
('V18', 'Aéreo', 'Tapete mágico'),
('V19', 'Terrestre', 'Tênis com asas'),
('V20', 'Terrestre', 'Carro da Liga dos Assassinos'),
('V21', 'Terrestre', 'BMW 320i'),
('V22', 'Aéreo', 'Nave Sinestro Corps'),
('V23', 'Aquático', 'Jet-ski canino'),
('V24', 'Aquático', 'Submarino Amarelo'),
('V25', 'Aquático', 'Submarino Cheeta'),
('V26', 'Terrestre', 'Trem BAla'),
('V27', 'Aéreo', 'Mini CAça'),
('V28', 'Terrestre', 'PAtinete'),
('V29', 'Aquático', 'Boia de patinho'),
('V30', 'Aéreo', 'Teco-teco'),
('V31', 'Terrestre', 'BRT GAMA'),
('V32', 'Aéreo', 'Vassoura magica'),
('V33', 'Aéreo', 'Nave NeoGenesis'),
('V34', 'Terrestre', 'Patins'),
('V35', 'Aquático', 'Titanic'),
('V36', 'Terrestre', 'Gol Quadrado'),
('V37', 'Terrestre', 'Trator');
